-- phpMyAdmin SQL Dump
-- version 5.2.1
-- https://www.phpmyadmin.net/
--
-- Host: 127.0.0.1
-- Waktu pembuatan: 16 Nov 2024 pada 13.17
-- Versi server: 10.4.28-MariaDB
-- Versi PHP: 8.0.28

SET SQL_MODE = "NO_AUTO_VALUE_ON_ZERO";
START TRANSACTION;
SET time_zone = "+00:00";


/*!40101 SET @OLD_CHARACTER_SET_CLIENT=@@CHARACTER_SET_CLIENT */;
/*!40101 SET @OLD_CHARACTER_SET_RESULTS=@@CHARACTER_SET_RESULTS */;
/*!40101 SET @OLD_COLLATION_CONNECTION=@@COLLATION_CONNECTION */;
/*!40101 SET NAMES utf8mb4 */;

--
-- Database: `dbabsen`
--

-- --------------------------------------------------------

--
-- Struktur dari tabel `absensi`
--

CREATE TABLE `absensi` (
  `id_absensi` int(11) NOT NULL,
  `tanggal` varchar(30) DEFAULT NULL,
  `status_kehadiran` varchar(50) DEFAULT NULL COMMENT 'Hadir, Tidak Hadir, Izin, Sakit',
  `siswa_id` int(11) DEFAULT NULL,
  `kelas_id` int(11) DEFAULT NULL,
  `guru_id` int(11) DEFAULT NULL,
  `jadwal_id` int(11) DEFAULT NULL
) ENGINE=InnoDB DEFAULT CHARSET=utf8mb4 COLLATE=utf8mb4_general_ci;

--
-- Dumping data untuk tabel `absensi`
--

INSERT INTO `absensi` (`id_absensi`, `tanggal`, `status_kehadiran`, `siswa_id`, `kelas_id`, `guru_id`, `jadwal_id`) VALUES
(1, '2024-11-15', 'Hadir', 56, 103, 15, 61),
(16, '2024-10-30', 'Hadir', 29, 102, 15, 31),
(17, '2024-10-30', 'Hadir', 30, 102, 15, 31),
(18, '2024-10-30', 'Tidak Hadir', 31, 102, 15, 31),
(19, '2024-10-30', 'Tidak Hadir', 32, 102, 15, 31),
(20, '2024-10-30', 'Izin', 33, 102, 15, 31),
(21, '2024-10-30', 'Izin', 34, 102, 15, 31),
(22, '2024-10-30', 'Sakit', 35, 102, 15, 31),
(23, '2024-10-30', 'Sakit', 36, 102, 15, 31),
(24, '2024-10-30', 'Izin', 37, 102, 15, 31),
(25, '2024-10-30', 'Izin', 38, 102, 15, 31),
(26, '2024-10-30', 'Tidak Hadir', 39, 102, 15, 31),
(27, '2024-10-30', 'Tidak Hadir', 40, 102, 15, 31),
(28, '2024-10-30', 'Hadir', 41, 102, 15, 31),
(29, '2024-10-30', 'Hadir', 42, 102, 15, 31),
(30, '2024-10-30', 'Tidak Hadir', 43, 102, 15, 31),
(31, '2024-10-30', 'Tidak Hadir', 44, 102, 15, 31),
(32, '2024-10-30', 'Izin', 45, 102, 15, 31),
(33, '2024-10-30', 'Izin', 46, 102, 15, 31),
(34, '2024-10-30', 'Sakit', 47, 102, 15, 31),
(35, '2024-10-30', 'Sakit', 48, 102, 15, 31),
(36, '2024-10-30', 'Izin', 49, 102, 15, 31),
(37, '2024-10-30', 'Izin', 50, 102, 15, 31),
(38, '2024-10-30', 'Tidak Hadir', 51, 102, 15, 31),
(39, '2024-10-30', 'Tidak Hadir', 52, 102, 15, 31),
(40, '2024-10-30', 'Hadir', 53, 102, 15, 31),
(41, '2024-10-30', 'Hadir', 54, 102, 15, 31),
(42, '2024-10-30', 'Tidak Hadir', 55, 102, 15, 31),
(44, '2024-10-30', NULL, NULL, 102, 15, 31),
(45, '2024-10-30', NULL, NULL, 102, 15, 31),
(46, '2024-10-01', NULL, NULL, 102, 15, 31),
(47, '2024-10-02', 'Hadir', 29, 102, 15, 31),
(48, '2024-10-02', 'Hadir', 30, 102, 15, 31),
(49, '2024-10-02', 'Tidak Hadir', 31, 102, 15, 31),
(50, '2024-10-02', 'Tidak Hadir', 32, 102, 15, 31),
(51, '2024-10-02', 'Izin', 33, 102, 15, 31),
(52, '2024-10-02', 'Izin', 34, 102, 15, 31),
(53, '2024-10-02', 'Sakit', 35, 102, 15, 31),
(54, '2024-10-02', 'Sakit', 36, 102, 15, 31),
(55, '2024-10-02', 'Izin', 37, 102, 15, 31),
(56, '2024-10-02', 'Izin', 38, 102, 15, 31),
(57, '2024-10-02', 'Tidak Hadir', 39, 102, 15, 31),
(58, '2024-10-02', 'Tidak Hadir', 40, 102, 15, 31),
(59, '2024-10-02', 'Hadir', 41, 102, 15, 31),
(60, '2024-10-02', 'Hadir', 42, 102, 15, 31),
(61, '2024-10-02', 'Tidak Hadir', 43, 102, 15, 31),
(62, '2024-10-02', 'Tidak Hadir', 44, 102, 15, 31),
(63, '2024-10-02', 'Izin', 45, 102, 15, 31),
(64, '2024-10-02', 'Izin', 46, 102, 15, 31),
(65, '2024-10-02', 'Sakit', 47, 102, 15, 31),
(66, '2024-10-02', 'Sakit', 48, 102, 15, 31),
(67, '2024-10-02', 'Izin', 49, 102, 15, 31),
(68, '2024-10-02', 'Izin', 50, 102, 15, 31),
(69, '2024-10-02', 'Tidak Hadir', 51, 102, 15, 31),
(70, '2024-10-02', 'Tidak Hadir', 52, 102, 15, 31),
(71, '2024-10-02', 'Hadir', 53, 102, 15, 31),
(72, '2024-10-02', 'Hadir', 54, 102, 15, 31),
(73, '2024-10-02', 'Tidak Hadir', 55, 102, 15, 31),
(74, '2024-10-03', 'Hadir', 29, 102, 15, 31),
(75, '2024-10-03', 'Hadir', 30, 102, 15, 31),
(76, '2024-10-03', 'Tidak Hadir', 31, 102, 15, 31),
(77, '2024-10-03', 'Tidak Hadir', 32, 102, 15, 31),
(78, '2024-10-03', 'Izin', 33, 102, 15, 31),
(79, '2024-10-03', 'Izin', 34, 102, 15, 31),
(80, '2024-10-03', 'Sakit', 35, 102, 15, 31),
(81, '2024-10-03', 'Sakit', 36, 102, 15, 31),
(82, '2024-10-03', 'Izin', 37, 102, 15, 31),
(83, '2024-10-03', 'Izin', 38, 102, 15, 31),
(84, '2024-10-03', 'Tidak Hadir', 39, 102, 15, 31),
(85, '2024-10-03', 'Tidak Hadir', 40, 102, 15, 31),
(86, '2024-10-03', 'Hadir', 41, 102, 15, 31),
(87, '2024-10-03', 'Hadir', 42, 102, 15, 31),
(88, '2024-10-03', 'Tidak Hadir', 43, 102, 15, 31),
(89, '2024-10-03', 'Tidak Hadir', 44, 102, 15, 31),
(90, '2024-10-03', 'Izin', 45, 102, 15, 31),
(91, '2024-10-03', 'Izin', 46, 102, 15, 31),
(92, '2024-10-03', 'Sakit', 47, 102, 15, 31),
(93, '2024-10-03', 'Sakit', 48, 102, 15, 31),
(94, '2024-10-03', 'Izin', 49, 102, 15, 31),
(95, '2024-10-03', 'Izin', 50, 102, 15, 31),
(96, '2024-10-03', 'Tidak Hadir', 51, 102, 15, 31),
(97, '2024-10-03', 'Tidak Hadir', 52, 102, 15, 31),
(98, '2024-10-03', 'Hadir', 53, 102, 15, 31),
(99, '2024-10-03', 'Hadir', 54, 102, 15, 31),
(100, '2024-10-03', 'Tidak Hadir', 55, 102, 15, 31),
(101, '2024-11-05', NULL, NULL, 101, 15, 19),
(103, '2024-11-05', 'Tidak Hadir', 2, 101, 15, 19),
(104, '2024-11-05', 'Izin', 3, 101, 15, 19),
(105, '2024-11-05', 'Sakit', 4, 101, 15, 19),
(106, '2024-11-05', 'Izin', 5, 101, 15, 19),
(107, '2024-11-05', 'Tidak Hadir', 6, 101, 15, 19),
(108, '2024-11-05', 'Hadir', 7, 101, 15, 19),
(109, '2024-11-05', 'Tidak Hadir', 8, 101, 15, 19),
(110, '2024-11-05', 'Izin', 9, 101, 15, 19),
(111, '2024-11-05', 'Sakit', 10, 101, 15, 19),
(112, '2024-11-05', 'Izin', 11, 101, 15, 19),
(113, '2024-11-05', 'Tidak Hadir', 12, 101, 15, 19),
(114, '2024-11-05', 'Hadir', 13, 101, 15, 19),
(115, '2024-11-05', 'Tidak Hadir', 14, 101, 15, 19),
(116, '2024-11-05', 'Izin', 15, 101, 15, 19),
(117, '2024-11-05', 'Sakit', 16, 101, 15, 19),
(118, '2024-11-05', 'Izin', 17, 101, 15, 19),
(119, '2024-11-05', 'Tidak Hadir', 18, 101, 15, 19),
(120, '2024-11-05', 'Hadir', 19, 101, 15, 19),
(121, '2024-11-05', 'Tidak Hadir', 20, 101, 15, 19),
(122, '2024-11-05', 'Izin', 21, 101, 15, 19),
(123, '2024-11-05', 'Sakit', 22, 101, 15, 19),
(124, '2024-11-05', 'Izin', 23, 101, 15, 19),
(125, '2024-11-05', 'Tidak Hadir', 24, 101, 15, 19),
(126, '2024-11-05', 'Hadir', 25, 101, 15, 19),
(127, '2024-11-05', 'Tidak Hadir', 26, 101, 15, 19),
(128, '2024-11-05', 'Izin', 27, 101, 15, 19),
(129, '2024-11-05', 'Sakit', 28, 101, 15, 19),
(130, '2024-11-15', 'Hadir', 56, 103, 15, 61),
(131, '2024-11-15', 'Hadir', 57, 103, 15, 61),
(132, '2024-11-15', 'Tidak Hadir', 58, 103, 15, 61),
(133, '2024-11-15', 'Tidak Hadir', 59, 103, 15, 61),
(134, '2024-11-15', 'Izin', 60, 103, 15, 61),
(135, '2024-11-15', 'Izin', 61, 103, 15, 61),
(136, '2024-11-15', 'Sakit', 62, 103, 15, 61),
(137, '2024-11-15', 'Sakit', 63, 103, 15, 61),
(138, '2024-11-15', 'Izin', 64, 103, 15, 61),
(139, '2024-11-15', 'Izin', 65, 103, 15, 61),
(140, '2024-11-15', 'Tidak Hadir', 66, 103, 15, 61),
(141, '2024-11-15', 'Tidak Hadir', 67, 103, 15, 61),
(142, '2024-11-15', 'Hadir', 68, 103, 15, 61),
(143, '2024-11-15', 'Hadir', 69, 103, 15, 61),
(144, '2024-11-15', 'Tidak Hadir', 70, 103, 15, 61),
(145, '2024-11-15', 'Tidak Hadir', 71, 103, 15, 61),
(146, '2024-11-15', 'Izin', 72, 103, 15, 61),
(147, '2024-11-15', 'Izin', 73, 103, 15, 61),
(148, '2024-11-15', 'Sakit', 74, 103, 15, 61),
(149, '2024-11-15', 'Sakit', 75, 103, 15, 61),
(150, '2024-11-15', 'Izin', 76, 103, 15, 61),
(151, '2024-11-15', 'Izin', 77, 103, 15, 61),
(152, '2024-11-15', 'Tidak Hadir', 78, 103, 15, 61),
(153, '2024-11-15', 'Tidak Hadir', 79, 103, 15, 61),
(154, '2024-11-15', 'Hadir', 80, 103, 15, 61),
(155, '2024-11-15', 'Hadir', 81, 103, 15, 61),
(157, '2024-11-13', 'Hadir', 2, 101, 15, 1),
(158, '2024-11-13', 'Hadir', 3, 101, 15, 1),
(159, '2024-11-13', 'Tidak Hadir', 4, 101, 15, 1),
(160, '2024-11-13', 'Tidak Hadir', 5, 101, 15, 1),
(161, '2024-11-13', 'Izin', 6, 101, 15, 1),
(162, '2024-11-13', 'Izin', 7, 101, 15, 1),
(163, '2024-11-13', 'Sakit', 8, 101, 15, 1),
(164, '2024-11-13', 'Sakit', 9, 101, 15, 1),
(165, '2024-11-13', 'Izin', 10, 101, 15, 1),
(166, '2024-11-13', 'Izin', 11, 101, 15, 1),
(167, '2024-11-13', 'Tidak Hadir', 12, 101, 15, 1),
(168, '2024-11-13', 'Tidak Hadir', 13, 101, 15, 1),
(169, '2024-11-13', 'Hadir', 14, 101, 15, 1),
(170, '2024-11-13', 'Hadir', 15, 101, 15, 1),
(171, '2024-11-13', 'Tidak Hadir', 16, 101, 15, 1),
(172, '2024-11-13', 'Tidak Hadir', 17, 101, 15, 1),
(173, '2024-11-13', 'Izin', 18, 101, 15, 1),
(174, '2024-11-13', 'Izin', 19, 101, 15, 1),
(175, '2024-11-13', 'Sakit', 20, 101, 15, 1),
(176, '2024-11-13', 'Sakit', 21, 101, 15, 1),
(177, '2024-11-13', 'Izin', 22, 101, 15, 1),
(178, '2024-11-13', 'Izin', 23, 101, 15, 1),
(179, '2024-11-13', 'Tidak Hadir', 24, 101, 15, 1),
(180, '2024-11-13', 'Tidak Hadir', 25, 101, 15, 1),
(181, '2024-11-13', 'Hadir', 26, 101, 15, 1),
(182, '2024-11-13', 'Hadir', 27, 101, 15, 1),
(183, '2024-11-13', 'Tidak Hadir', 28, 101, 15, 1),
(185, '2024-11-06', 'Hadir', 2, 101, 15, 1),
(186, '2024-11-06', 'Hadir', 3, 101, 15, 1),
(187, '2024-11-06', 'Hadir', 4, 101, 15, 1),
(188, '2024-11-06', 'Hadir', 5, 101, 15, 1),
(189, '2024-11-06', 'Hadir', 6, 101, 15, 1),
(190, '2024-11-06', 'Hadir', 7, 101, 15, 1),
(191, '2024-11-06', 'Hadir', 8, 101, 15, 1),
(192, '2024-11-06', 'Hadir', 9, 101, 15, 1),
(193, '2024-11-06', 'Hadir', 10, 101, 15, 1),
(194, '2024-11-06', 'Hadir', 11, 101, 15, 1),
(195, '2024-11-06', 'Hadir', 12, 101, 15, 1),
(196, '2024-11-06', 'Hadir', 13, 101, 15, 1),
(197, '2024-11-06', 'Hadir', 14, 101, 15, 1),
(198, '2024-11-06', 'Hadir', 15, 101, 15, 1),
(199, '2024-11-06', 'Hadir', 16, 101, 15, 1),
(200, '2024-11-06', 'Hadir', 17, 101, 15, 1),
(201, '2024-11-06', 'Hadir', 18, 101, 15, 1),
(202, '2024-11-06', 'Hadir', 19, 101, 15, 1),
(203, '2024-11-06', 'Hadir', 20, 101, 15, 1),
(204, '2024-11-06', 'Hadir', 21, 101, 15, 1),
(205, '2024-11-06', 'Hadir', 22, 101, 15, 1),
(206, '2024-11-06', 'Hadir', 23, 101, 15, 1),
(207, '2024-11-06', 'Hadir', 24, 101, 15, 1),
(208, '2024-11-06', 'Hadir', 25, 101, 15, 1),
(209, '2024-11-06', 'Hadir', 26, 101, 15, 1),
(210, '2024-11-06', 'Hadir', 27, 101, 15, 1),
(211, '2024-11-06', 'Tidak Hadir', 28, 101, 15, 1),
(213, '2024-11-08', 'Tidak Hadir', 2, 101, 15, 1),
(214, '2024-11-08', 'Izin', 3, 101, 15, 1),
(215, '2024-11-08', 'Izin', 4, 101, 15, 1),
(216, '2024-11-08', 'Sakit', 5, 101, 15, 1),
(217, '2024-11-08', 'Sakit', 6, 101, 15, 1),
(218, '2024-11-08', 'Izin', 7, 101, 15, 1),
(219, '2024-11-08', 'Izin', 8, 101, 15, 1),
(220, '2024-11-08', 'Tidak Hadir', 9, 101, 15, 1),
(221, '2024-11-08', 'Tidak Hadir', 10, 101, 15, 1),
(222, '2024-11-08', 'Izin', 11, 101, 15, 1),
(223, '2024-11-08', 'Izin', 12, 101, 15, 1),
(224, '2024-11-08', 'Sakit', 13, 101, 15, 1),
(225, '2024-11-08', 'Sakit', 14, 101, 15, 1),
(226, '2024-11-08', 'Izin', 15, 101, 15, 1),
(227, '2024-11-08', 'Izin', 16, 101, 15, 1),
(228, '2024-11-08', 'Tidak Hadir', 17, 101, 15, 1),
(229, '2024-11-08', 'Tidak Hadir', 18, 101, 15, 1),
(230, '2024-11-08', 'Hadir', 19, 101, 15, 1),
(231, '2024-11-08', 'Hadir', 20, 101, 15, 1),
(232, '2024-11-08', 'Tidak Hadir', 21, 101, 15, 1),
(233, '2024-11-08', 'Tidak Hadir', 22, 101, 15, 1),
(234, '2024-11-08', 'Izin', 23, 101, 15, 1),
(235, '2024-11-08', 'Izin', 24, 101, 15, 1),
(236, '2024-11-08', 'Tidak Hadir', 25, 101, 15, 1),
(237, '2024-11-08', 'Tidak Hadir', 26, 101, 15, 1),
(238, '2024-11-08', 'Hadir', 27, 101, 15, 1),
(239, '2024-11-08', 'Hadir', 28, 101, 15, 1),
(241, '2024-11-01', 'Hadir', 2, 101, 12, 4),
(242, '2024-11-01', 'Hadir', 3, 101, 12, 4),
(243, '2024-11-01', 'Tidak Hadir', 4, 101, 12, 4),
(244, '2024-11-01', 'Tidak Hadir', 5, 101, 12, 4),
(245, '2024-11-01', 'Izin', 6, 101, 12, 4),
(246, '2024-11-01', 'Izin', 7, 101, 12, 4),
(247, '2024-11-01', 'Izin', 8, 101, 12, 4),
(248, '2024-11-01', 'Sakit', 9, 101, 12, 4),
(249, '2024-11-01', 'Sakit', 10, 101, 12, 4),
(250, '2024-11-01', 'Sakit', 11, 101, 12, 4),
(251, '2024-11-01', 'Sakit', 12, 101, 12, 4),
(252, '2024-11-01', 'Izin', 13, 101, 12, 4),
(253, '2024-11-01', 'Izin', 14, 101, 12, 4),
(254, '2024-11-01', 'Izin', 15, 101, 12, 4),
(255, '2024-11-01', 'Izin', 16, 101, 12, 4),
(256, '2024-11-01', 'Izin', 17, 101, 12, 4),
(257, '2024-11-01', 'Tidak Hadir', 18, 101, 12, 4),
(258, '2024-11-01', 'Tidak Hadir', 19, 101, 12, 4),
(259, '2024-11-01', 'Tidak Hadir', 20, 101, 12, 4),
(260, '2024-11-01', 'Tidak Hadir', 21, 101, 12, 4),
(261, '2024-11-01', 'Tidak Hadir', 22, 101, 12, 4),
(262, '2024-11-01', 'Tidak Hadir', 23, 101, 12, 4),
(263, '2024-11-01', 'Izin', 24, 101, 12, 4),
(264, '2024-11-01', 'Izin', 25, 101, 12, 4),
(265, '2024-11-01', 'Izin', 26, 101, 12, 4),
(266, '2024-11-01', 'Izin', 27, 101, 12, 4),
(267, '2024-11-01', 'Izin', 28, 101, 12, 4),
(268, '2024-10-01', 'Hadir', 2, 101, 15, 1),
(269, '2024-10-01', 'Hadir', 3, 101, 15, 1),
(270, '2024-10-01', 'Hadir', 4, 101, 15, 1),
(271, '2024-10-01', 'Hadir', 5, 101, 15, 1),
(272, '2024-10-01', 'Hadir', 6, 101, 15, 1),
(273, '2024-10-01', 'Hadir', 7, 101, 15, 1),
(274, '2024-10-01', 'Hadir', 8, 101, 15, 1),
(275, '2024-10-01', 'Hadir', 9, 101, 15, 1),
(276, '2024-10-01', 'Tidak Hadir', 10, 101, 15, 1),
(277, '2024-10-01', 'Hadir', 11, 101, 15, 1),
(278, '2024-10-01', 'Hadir', 12, 101, 15, 1),
(279, '2024-10-01', 'Hadir', 13, 101, 15, 1),
(280, '2024-10-01', 'Hadir', 14, 101, 15, 1),
(281, '2024-10-01', 'Hadir', 15, 101, 15, 1),
(282, '2024-10-01', 'Izin', 16, 101, 15, 1),
(283, '2024-10-01', 'Hadir', 17, 101, 15, 1),
(284, '2024-10-01', 'Hadir', 18, 101, 15, 1),
(285, '2024-10-01', 'Hadir', 19, 101, 15, 1),
(286, '2024-10-01', 'Hadir', 20, 101, 15, 1),
(287, '2024-10-01', 'Hadir', 21, 101, 15, 1),
(288, '2024-10-01', 'Hadir', 22, 101, 15, 1),
(289, '2024-10-01', 'Izin', 23, 101, 15, 1),
(290, '2024-10-01', 'Hadir', 24, 101, 15, 1),
(291, '2024-10-01', 'Hadir', 25, 101, 15, 1),
(292, '2024-10-01', 'Sakit', 26, 101, 15, 1),
(293, '2024-10-01', 'Hadir', 27, 101, 15, 1),
(294, '2024-10-01', 'Hadir', 28, 101, 15, 1),
(295, '2024-11-12', 'Hadir', 2, 101, 15, 1),
(296, '2024-11-12', 'Hadir', 3, 101, 15, 1),
(297, '2024-11-12', 'Hadir', 4, 101, 15, 1),
(298, '2024-11-12', 'Hadir', 5, 101, 15, 1),
(299, '2024-11-12', 'Hadir', 6, 101, 15, 1),
(300, '2024-11-12', 'Hadir', 7, 101, 15, 1),
(301, '2024-11-12', 'Hadir', 8, 101, 15, 1),
(302, '2024-11-12', 'Tidak Hadir', 9, 101, 15, 1),
(303, '2024-11-12', 'Tidak Hadir', 10, 101, 15, 1),
(304, '2024-11-12', 'Hadir', 11, 101, 15, 1),
(305, '2024-11-12', 'Hadir', 12, 101, 15, 1),
(306, '2024-11-12', 'Tidak Hadir', 13, 101, 15, 1),
(307, '2024-11-12', 'Tidak Hadir', 14, 101, 15, 1),
(308, '2024-11-12', 'Hadir', 15, 101, 15, 1),
(309, '2024-11-12', 'Hadir', 16, 101, 15, 1),
(310, '2024-11-12', 'Tidak Hadir', 17, 101, 15, 1),
(311, '2024-11-12', 'Tidak Hadir', 18, 101, 15, 1),
(312, '2024-11-12', 'Tidak Hadir', 19, 101, 15, 1),
(313, '2024-11-12', 'Tidak Hadir', 20, 101, 15, 1),
(314, '2024-11-12', 'Hadir', 21, 101, 15, 1),
(315, '2024-11-12', 'Hadir', 22, 101, 15, 1),
(316, '2024-11-12', 'Hadir', 23, 101, 15, 1),
(317, '2024-11-12', 'Hadir', 24, 101, 15, 1),
(318, '2024-11-12', 'Hadir', 25, 101, 15, 1),
(319, '2024-11-12', 'Hadir', 26, 101, 15, 1),
(320, '2024-11-12', 'Hadir', 27, 101, 15, 1),
(321, '2024-11-12', 'Hadir', 28, 101, 15, 1),
(322, '2024-11-10', 'Hadir', 2, 101, 15, 1),
(323, '2024-11-10', 'Hadir', 3, 101, 15, 1),
(324, '2024-11-10', 'Hadir', 4, 101, 15, 1),
(325, '2024-11-10', 'Hadir', 5, 101, 15, 1),
(326, '2024-11-10', 'Hadir', 6, 101, 15, 1),
(327, '2024-11-10', 'Hadir', 7, 101, 15, 1),
(328, '2024-11-10', 'Tidak Hadir', 8, 101, 15, 1),
(329, '2024-11-10', 'Tidak Hadir', 9, 101, 15, 1),
(330, '2024-11-10', 'Hadir', 10, 101, 15, 1),
(331, '2024-11-10', 'Tidak Hadir', 11, 101, 15, 1),
(332, '2024-11-10', 'Tidak Hadir', 12, 101, 15, 1),
(333, '2024-11-10', 'Hadir', 13, 101, 15, 1),
(334, '2024-11-10', 'Hadir', 14, 101, 15, 1),
(335, '2024-11-10', 'Hadir', 15, 101, 15, 1),
(336, '2024-11-10', 'Hadir', 16, 101, 15, 1),
(337, '2024-11-10', 'Hadir', 17, 101, 15, 1),
(338, '2024-11-10', 'Hadir', 18, 101, 15, 1),
(339, '2024-11-10', 'Hadir', 19, 101, 15, 1),
(340, '2024-11-10', 'Hadir', 20, 101, 15, 1),
(341, '2024-11-10', 'Hadir', 21, 101, 15, 1),
(342, '2024-11-10', 'Hadir', 22, 101, 15, 1),
(343, '2024-11-10', 'Hadir', 23, 101, 15, 1),
(344, '2024-11-10', 'Hadir', 24, 101, 15, 1),
(345, '2024-11-10', 'Hadir', 25, 101, 15, 1),
(346, '2024-11-10', 'Hadir', 26, 101, 15, 1),
(347, '2024-11-10', 'Hadir', 27, 101, 15, 1),
(348, '2024-11-10', 'Izin', 28, 101, 15, 1),
(349, '2024-11-06', 'Hadir', 2, 101, 15, 1),
(350, '2024-11-06', 'Hadir', 3, 101, 15, 1),
(351, '2024-11-06', 'Hadir', 4, 101, 15, 1),
(352, '2024-11-06', 'Hadir', 5, 101, 15, 1),
(353, '2024-11-06', 'Hadir', 6, 101, 15, 1),
(354, '2024-11-06', 'Hadir', 7, 101, 15, 1),
(355, '2024-11-06', 'Hadir', 8, 101, 15, 1),
(356, '2024-11-06', 'Hadir', 9, 101, 15, 1),
(357, '2024-11-06', 'Tidak Hadir', 10, 101, 15, 1),
(358, '2024-11-06', 'Tidak Hadir', 11, 101, 15, 1),
(359, '2024-11-06', 'Hadir', 12, 101, 15, 1),
(360, '2024-11-06', 'Hadir', 13, 101, 15, 1),
(361, '2024-11-06', 'Hadir', 14, 101, 15, 1),
(362, '2024-11-06', 'Tidak Hadir', 15, 101, 15, 1),
(363, '2024-11-06', 'Tidak Hadir', 16, 101, 15, 1),
(364, '2024-11-06', 'Izin', 18, 101, 15, 1),
(365, '2024-11-06', 'Sakit', 19, 101, 15, 1),
(366, '2024-11-06', 'Tidak Hadir', 20, 101, 15, 1),
(367, '2024-11-06', 'Tidak Hadir', 21, 101, 15, 1),
(368, '2024-11-06', 'Hadir', 22, 101, 15, 1),
(369, '2024-11-06', 'Hadir', 23, 101, 15, 1),
(370, '2024-11-06', 'Tidak Hadir', 24, 101, 15, 1),
(371, '2024-11-06', 'Hadir', 25, 101, 15, 1),
(372, '2024-11-06', 'Hadir', 26, 101, 15, 1),
(373, '2024-11-06', 'Hadir', 27, 101, 15, 1),
(374, '2024-11-06', 'Hadir', 28, 101, 15, 1),
(375, '2024-11-04', 'Hadir', 2, 101, 15, 1),
(376, '2024-07-01', 'Hadir', 2, 101, 15, 1),
(377, '2024-07-01', 'Hadir', 3, 101, 15, 1),
(378, '2024-07-01', 'Hadir', 4, 101, 15, 1),
(379, '2024-07-01', 'Tidak Hadir', 5, 101, 15, 1),
(380, '2024-07-01', 'Tidak Hadir', 6, 101, 15, 1),
(381, '2024-07-01', 'Hadir', 7, 101, 15, 1),
(382, '2024-07-01', 'Izin', 8, 101, 15, 1),
(383, '2024-07-01', 'Hadir', 9, 101, 15, 1),
(384, '2024-07-01', 'Hadir', 10, 101, 15, 1),
(385, '2024-07-01', 'Hadir', 11, 101, 15, 1),
(386, '2024-07-01', 'Hadir', 12, 101, 15, 1),
(387, '2024-07-01', 'Hadir', 13, 101, 15, 1),
(388, '2024-07-01', 'Hadir', 14, 101, 15, 1),
(389, '2024-07-01', 'Hadir', 15, 101, 15, 1),
(390, '2024-07-01', 'Hadir', 16, 101, 15, 1),
(391, '2024-07-01', 'Hadir', 17, 101, 15, 1),
(392, '2024-07-01', 'Hadir', 18, 101, 15, 1),
(393, '2024-07-01', 'Hadir', 19, 101, 15, 1),
(394, '2024-07-01', 'Hadir', 20, 101, 15, 1),
(395, '2024-07-01', 'Hadir', 21, 101, 15, 1),
(396, '2024-07-01', 'Hadir', 22, 101, 15, 1),
(397, '2024-07-01', 'Hadir', 23, 101, 15, 1),
(398, '2024-07-01', 'Hadir', 24, 101, 15, 1),
(399, '2024-07-01', 'Hadir', 25, 101, 15, 1),
(400, '2024-07-01', 'Hadir', 26, 101, 15, 1),
(401, '2024-07-01', 'Hadir', 27, 101, 15, 1),
(402, '2024-07-01', 'Hadir', 28, 101, 15, 1),
(403, '2024-11-01', 'Hadir', 14, 101, 15, 1),
(404, '2024-11-04', 'Hadir', 32, 102, 15, 25),
(405, '2024-11-04', 'Izin', 53, 102, 15, 25),
(406, '2024-11-04', 'Tidak Hadir', 54, 102, 15, 25),
(407, '2024-11-07', 'Tidak Hadir', 26, 101, 15, 1),
(408, '2024-11-07', 'Izin', 27, 101, 15, 1),
(409, '2024-11-07', 'Sakit', 28, 101, 15, 1),
(410, '2024-11-01', 'Tidak Hadir', 26, 101, 15, 1),
(411, '2024-11-01', 'Izin', 27, 101, 15, 1),
(412, '2024-11-01', 'Sakit', 28, 101, 15, 1),
(413, '2024-11-08', 'Hadir', 78, 103, 15, 49),
(414, '2024-11-08', 'Tidak Hadir', 79, 103, 15, 49),
(415, '2024-11-08', 'Izin', 80, 103, 15, 49),
(416, '2024-11-08', 'Sakit', 81, 103, 15, 49),
(417, '2024-11-05', 'Hadir', 51, 102, 15, 25),
(418, '2024-11-05', 'Tidak Hadir', 52, 102, 15, 25),
(419, '2024-11-05', 'Izin', 53, 102, 15, 25),
(420, '2024-11-05', 'Sakit', 54, 102, 15, 25),
(421, '2024-10-27', 'Hadir', 25, 101, 15, 1),
(422, '2024-10-27', 'Tidak Hadir', 26, 101, 15, 1),
(423, '2024-10-27', 'Izin', 27, 101, 15, 1),
(424, '2024-10-27', 'Sakit', 28, 101, 15, 1),
(425, '2024-11-01', 'Hadir', 78, 103, 15, 49),
(426, '2024-11-01', 'Tidak Hadir', 79, 103, 15, 49),
(427, '2024-11-01', 'Izin', 80, 103, 15, 49),
(428, '2024-11-01', 'Sakit', 81, 103, 15, 49),
(429, '2024-11-07', 'Hadir', 32, 102, 15, 25),
(430, '2024-11-07', 'Hadir', 33, 102, 15, 25),
(431, '2024-11-07', 'Tidak Hadir', 53, 102, 15, 25),
(432, '2024-11-07', 'Izin', 54, 102, 15, 25),
(433, '2024-11-07', 'Sakit', 55, 102, 15, 25),
(434, '2024-11-01', 'Tidak Hadir', 23, 101, 15, 1),
(435, '2024-11-01', 'Izin', 24, 101, 15, 1),
(436, '2024-11-01', 'Sakit', 25, 101, 15, 1),
(437, '2024-11-01', 'Izin', 26, 101, 15, 1),
(438, '2024-11-01', 'Tidak Hadir', 27, 101, 15, 1),
(439, '2024-11-01', 'Hadir', 28, 101, 15, 1),
(440, '2024-11-29', 'Hadir', 24, 101, 15, 1),
(441, '2024-11-29', 'Tidak Hadir', 25, 101, 15, 1),
(442, '2024-11-29', 'Izin', 26, 101, 15, 1),
(443, '2024-11-29', 'Sakit', 27, 101, 15, 1);

-- --------------------------------------------------------

--
-- Struktur dari tabel `admin`
--

CREATE TABLE `admin` (
  `id_admin` int(11) NOT NULL,
  `nama` varchar(100) DEFAULT NULL,
  `username_admin` varchar(50) DEFAULT NULL,
  `password_admin` varchar(50) DEFAULT NULL
) ENGINE=InnoDB DEFAULT CHARSET=utf8mb4 COLLATE=utf8mb4_general_ci;

--
-- Dumping data untuk tabel `admin`
--

INSERT INTO `admin` (`id_admin`, `nama`, `username_admin`, `password_admin`) VALUES
(1, 'admin1', 'admin', '123'),
(2, 'admin2', 'admin2', '123');

-- --------------------------------------------------------

--
-- Struktur dari tabel `guru`
--

CREATE TABLE `guru` (
  `id_guru` int(11) NOT NULL,
  `nip` varchar(50) DEFAULT NULL,
  `nama` varchar(100) DEFAULT NULL,
  `alamat` varchar(100) DEFAULT NULL,
  `username_guru` varchar(50) DEFAULT NULL,
  `password_guru` varchar(50) DEFAULT NULL
) ENGINE=InnoDB DEFAULT CHARSET=utf8mb4 COLLATE=utf8mb4_general_ci;

--
-- Dumping data untuk tabel `guru`
--

INSERT INTO `guru` (`id_guru`, `nip`, `nama`, `alamat`, `username_guru`, `password_guru`) VALUES
(8, '223', 'Dian Suti', 'Jl. Merdeka No. 100', 'dian', '123'),
(9, '225', 'Budi Setiawan', 'Jl. Kebon Sirih No.15', 'budi', '123'),
(10, '226', 'Ratna Dewi', 'Jl. Pahlawan No.18', 'ratna', '123'),
(11, '227', 'Agus Santoso', 'Jl. Rajawali No.19', 'agus', '123'),
(12, '228', 'Sri Rahayu', 'Jl. Mawar No.20', 'sri', '123'),
(13, '229', 'Andi Firmansyah', 'Jl. Kenanga No.21', 'andi', '123'),
(14, '230', 'Fitri Handayani', 'Jl. Bunga No.22', 'fitri', '123'),
(15, '231', 'Rudi Hartono', 'Jl. Melati No.23', 'rudi', '123'),
(16, '232', 'Siti Aminah', 'Jl. Cempaka No.24', 'siti', '123'),
(17, '233', 'Indra Lesmana', 'Jl. Anggrek No.25', 'indra', '123'),
(18, '234', 'Rina Kurniawati', 'Jl. Jambu No.26', 'rina', '123'),
(19, '235', 'Bayu Pratama', 'Jl. Rambutan No.27', 'bayu', '123'),
(20, '236', 'Nur Azizah', 'Jl. Pisang No.28', 'nur', '123'),
(21, '237', 'Yudi Kurniawan', 'Jl. Manggis No.29', 'yudi', '123'),
(22, '238', 'Lina Pertiwi', 'Jl. Durian No.30', 'lina', '123'),
(23, '239', 'Taufik Hidayat', 'Jl. Duku No.31', 'taufik', '123'),
(24, '240', 'Ayu Kartika', 'Jl. Apel No.32', 'ayu', '123'),
(25, '241', 'Dedi Supriyadi', 'Jl. Kelapa No.33', 'dedi', '123');

-- --------------------------------------------------------

--
-- Struktur dari tabel `jadwal`
--

CREATE TABLE `jadwal` (
  `id_jadwal` int(11) NOT NULL,
  `hari` varchar(50) DEFAULT NULL,
  `jam` varchar(100) DEFAULT NULL,
  `mata_pelajaran` varchar(100) DEFAULT NULL,
  `kelas_id` int(11) DEFAULT NULL,
  `guru_id` int(11) DEFAULT NULL
) ENGINE=InnoDB DEFAULT CHARSET=utf8mb4 COLLATE=utf8mb4_general_ci;

--
-- Dumping data untuk tabel `jadwal`
--

INSERT INTO `jadwal` (`id_jadwal`, `hari`, `jam`, `mata_pelajaran`, `kelas_id`, `guru_id`) VALUES
(1, 'Senin', '07:00 - 07:40', 'Bahasa Indonesia', 101, 15),
(2, 'Senin', '07:40 - 08:20', 'Pendidikan Pancasila', 101, 25),
(3, 'Senin', '08:20 - 09:00', 'Matematika', 101, 10),
(4, 'Senin', '09:00 - 09:40', 'IPA-Biologi', 101, 12),
(5, 'Senin', '09:40 - 10:20', 'Tata Boga', 101, 14),
(6, 'Senin', '10:20 - 11:00', 'PJOK-OR', 101, 18),
(7, 'Selasa', '07:00 - 07:40', 'Bahasa Indonesia', 101, 15),
(8, 'Selasa', '07:40 - 08:20', 'Pendidikan Pancasila', 101, 25),
(9, 'Selasa', '08:20 - 09:00', 'Matematika', 101, 10),
(10, 'Selasa', '09:00 - 09:40', 'IPA-Biologi', 101, 12),
(11, 'Selasa', '09:40 - 10:20', 'Tata Boga', 101, 14),
(12, 'Selasa', '10:20 - 11:00', 'PJOK-OR', 101, 18),
(13, 'Rabu', '07:00 - 07:40', 'Bahasa Indonesia', 101, 15),
(14, 'Rabu', '07:40 - 08:20', 'Pendidikan Pancasila', 101, 25),
(15, 'Rabu', '08:20 - 09:00', 'Matematika', 101, 10),
(16, 'Rabu', '09:00 - 09:40', 'IPA-Biologi', 101, 12),
(17, 'Rabu', '09:40 - 10:20', 'Tata Boga', 101, 14),
(18, 'Rabu', '10:20 - 11:00', 'PJOK-OR', 101, 18),
(19, 'Kamis', '07:00 - 07:40', 'Bahasa Indonesia', 101, 15),
(20, 'Kamis', '07:40 - 08:20', 'Pendidikan Pancasila', 101, 25),
(21, 'Kamis', '08:20 - 09:00', 'Matematika', 101, 10),
(22, 'Kamis', '09:00 - 09:40', 'IPA-Biologi', 101, 12),
(23, 'Kamis', '09:40 - 10:20', 'Tata Boga', 101, 14),
(24, 'Kamis', '10:20 - 11:00', 'PJOK-OR', 101, 18),
(25, 'Senin', '07:00 - 07:40', 'Bahasa Indonesia', 102, 15),
(26, 'Senin', '07:40 - 08:20', 'Pendidikan Pancasila', 102, 25),
(27, 'Senin', '08:20 - 09:00', 'Matematika', 102, 10),
(28, 'Senin', '09:00 - 09:40', 'IPA-Biologi', 102, 12),
(29, 'Senin', '09:40 - 10:20', 'Tata Boga', 102, 14),
(30, 'Senin', '10:20 - 11:00', 'PJOK-OR', 102, 18),
(31, 'Selasa', '07:00 - 07:40', 'Bahasa Indonesia', 102, 15),
(32, 'Selasa', '07:40 - 08:20', 'Pendidikan Pancasila', 102, 25),
(33, 'Selasa', '08:20 - 09:00', 'Matematika', 102, 10),
(34, 'Selasa', '09:00 - 09:40', 'IPA-Biologi', 102, 12),
(35, 'Selasa', '09:40 - 10:20', 'Tata Boga', 102, 14),
(36, 'Selasa', '10:20 - 11:00', 'PJOK-OR', 102, 18),
(37, 'Rabu', '07:00 - 07:40', 'Bahasa Indonesia', 102, 15),
(38, 'Rabu', '07:40 - 08:20', 'Pendidikan Pancasila', 102, 25),
(39, 'Rabu', '08:20 - 09:00', 'Matematika', 102, 10),
(40, 'Rabu', '09:00 - 09:40', 'IPA-Biologi', 102, 12),
(41, 'Rabu', '09:40 - 10:20', 'Tata Boga', 102, 14),
(42, 'Rabu', '10:20 - 11:00', 'PJOK-OR', 102, 18),
(43, 'Kamis', '07:00 - 07:40', 'Bahasa Indonesia', 102, 15),
(44, 'Kamis', '07:40 - 08:20', 'Pendidikan Pancasila', 102, 25),
(45, 'Kamis', '08:20 - 09:00', 'Matematika', 102, 10),
(46, 'Kamis', '09:00 - 09:40', 'IPA-Biologi', 102, 12),
(47, 'Kamis', '09:40 - 10:20', 'Tata Boga', 102, 14),
(48, 'Kamis', '10:20 - 11:00', 'PJOK-OR', 102, 18),
(49, 'Senin', '07:00 - 07:40', 'Bahasa Indonesia', 103, 15),
(50, 'Senin', '07:40 - 08:20', 'Pendidikan Pancasila', 103, 25),
(51, 'Senin', '08:20 - 09:00', 'Matematika', 103, 10),
(52, 'Senin', '09:00 - 09:40', 'IPA-Biologi', 103, 12),
(53, 'Senin', '09:40 - 10:20', 'Tata Boga', 103, 14),
(54, 'Senin', '10:20 - 11:00', 'PJOK-OR', 103, 18),
(55, 'Selasa', '07:00 - 07:40', 'Bahasa Indonesia', 103, 15),
(56, 'Selasa', '07:40 - 08:20', 'Pendidikan Pancasila', 103, 25),
(57, 'Selasa', '08:20 - 09:00', 'Matematika', 103, 10),
(58, 'Selasa', '09:00 - 09:40', 'IPA-Biologi', 103, 12),
(59, 'Selasa', '09:40 - 10:20', 'Tata Boga', 103, 14),
(60, 'Selasa', '10:20 - 11:00', 'PJOK-OR', 103, 18),
(61, 'Rabu', '07:00 - 07:40', 'Bahasa Indonesia', 103, 15),
(62, 'Rabu', '07:40 - 08:20', 'Pendidikan Pancasila', 103, 25),
(63, 'Rabu', '08:20 - 09:00', 'Matematika', 103, 10),
(64, 'Rabu', '09:00 - 09:40', 'IPA-Biologi', 103, 12),
(65, 'Rabu', '09:40 - 10:20', 'Tata Boga', 103, 14),
(66, 'Rabu', '10:20 - 11:00', 'PJOK-OR', 103, 18),
(67, 'Kamis', '07:00 - 07:40', 'Bahasa Indonesia', 103, 15),
(68, 'Kamis', '07:40 - 08:20', 'Pendidikan Pancasila', 103, 25),
(69, 'Kamis', '08:20 - 09:00', 'Matematika', 103, 10),
(70, 'Kamis', '09:00 - 09:40', 'IPA-Biologi', 103, 12),
(71, 'Kamis', '09:40 - 10:20', 'Tata Boga', 103, 14),
(72, 'Kamis', '10:20 - 11:00', 'PJOK-OR', 103, 18);

-- --------------------------------------------------------

--
-- Struktur dari tabel `kelas`
--

CREATE TABLE `kelas` (
  `id_kelas` int(11) NOT NULL,
  `nama_kelas` varchar(50) DEFAULT NULL,
  `guru_id` int(11) DEFAULT NULL
) ENGINE=InnoDB DEFAULT CHARSET=utf8mb4 COLLATE=utf8mb4_general_ci;

--
-- Dumping data untuk tabel `kelas`
--

INSERT INTO `kelas` (`id_kelas`, `nama_kelas`, `guru_id`) VALUES
(101, '7A', 15),
(102, '7B', 25),
(103, '7C', 13),
(104, '8A', 17),
(105, '8B', 23),
(106, '8C', 8),
(107, '9A', 9),
(108, '9B', 10);

-- --------------------------------------------------------

--
-- Struktur dari tabel `laporan_absensi`
--

CREATE TABLE `laporan_absensi` (
  `id_laporan` int(11) NOT NULL,
  `absensi_id` int(11) DEFAULT NULL,
  `total_hadir` int(11) DEFAULT NULL,
  `total_tidak_hadir` int(11) DEFAULT NULL,
  `total_izin` int(11) DEFAULT NULL,
  `total_sakit` int(11) DEFAULT NULL,
  `guru_id` int(11) DEFAULT NULL
) ENGINE=InnoDB DEFAULT CHARSET=utf8mb4 COLLATE=utf8mb4_general_ci;

--
-- Dumping data untuk tabel `laporan_absensi`
--

INSERT INTO `laporan_absensi` (`id_laporan`, `absensi_id`, `total_hadir`, `total_tidak_hadir`, `total_izin`, `total_sakit`, `guru_id`) VALUES
(10, NULL, 5, 9, 9, 5, 15),
(11, NULL, 6, 8, 8, 4, 15),
(12, NULL, 7, 9, 8, 4, 15),
(13, NULL, 27, 1, 0, 0, 15),
(14, NULL, 4, 10, 10, 4, 15),
(15, NULL, 3, 8, 13, 4, 12),
(16, NULL, 23, 1, 2, 1, 15),
(17, NULL, 19, 8, 0, 0, 15),
(18, NULL, 22, 4, 1, 0, 15),
(19, NULL, 17, 7, 1, 1, 15),
(20, NULL, 1, 0, 0, 0, 15),
(21, NULL, 24, 2, 1, 0, 15),
(23, NULL, 0, 0, 0, 0, 15),
(24, NULL, 1, 1, 1, 0, 15),
(25, NULL, 0, 1, 1, 1, 15),
(26, NULL, 0, 1, 1, 1, 15),
(27, NULL, 1, 1, 1, 1, 15),
(28, NULL, 1, 1, 1, 1, 15),
(29, NULL, 1, 1, 1, 1, 15),
(30, NULL, 1, 1, 1, 1, 15),
(31, NULL, 0, 0, 0, 0, 15),
(32, NULL, 0, 0, 0, 0, 15),
(33, NULL, 0, 0, 0, 0, 15),
(34, NULL, 2, 1, 1, 1, 15),
(35, NULL, 1, 2, 2, 1, 15),
(36, NULL, 1, 1, 1, 1, 15);

-- --------------------------------------------------------

--
-- Struktur dari tabel `siswa`
--

CREATE TABLE `siswa` (
  `id_siswa` int(11) NOT NULL,
  `nis` varchar(50) DEFAULT NULL,
  `nama` varchar(100) DEFAULT NULL,
  `kelas_id` int(11) DEFAULT NULL,
  `alamat` varchar(255) DEFAULT NULL,
  `tanggal_lahir` varchar(200) DEFAULT NULL
) ENGINE=InnoDB DEFAULT CHARSET=utf8mb4 COLLATE=utf8mb4_general_ci;

--
-- Dumping data untuk tabel `siswa`
--

INSERT INTO `siswa` (`id_siswa`, `nis`, `nama`, `kelas_id`, `alamat`, `tanggal_lahir`) VALUES
(2, 'NIS002', 'Siswa A2', 101, 'Alamat A2', '2008-01-02'),
(3, 'NIS003', 'Siswa A3', 101, 'Alamat A3', '2008-01-03'),
(4, 'NIS004', 'Siswa A4', 101, 'Alamat A4', '2008-01-04'),
(5, 'NIS005', 'Muhammad askila sholeh maulid yusuf mansur klolik', 101, 'Alamat A5', '2008-01-05'),
(6, 'NIS006', 'Siswa A6', 101, 'Alamat A6', '2008-01-06'),
(7, 'NIS007', 'Siswa A7', 101, 'Alamat A7', '2008-01-07'),
(8, 'NIS008', 'Siswa A8', 101, 'Alamat A8', '2008-01-08'),
(9, 'NIS009', 'Siswa A9', 101, 'Alamat A9', '2008-01-09'),
(10, 'NIS010', 'Siswa A10', 101, 'Alamat A10', '2008-01-10'),
(11, 'NIS011', 'Siswa A11', 101, 'Alamat A11', '2008-01-11'),
(12, 'NIS012', 'Siswa A12', 101, 'Alamat A12', '2008-01-12'),
(13, 'NIS013', 'Siswa A13', 101, 'Alamat A13', '2008-01-13'),
(14, 'NIS014', 'Siswa A14', 101, 'Alamat A14', '2008-01-14'),
(15, 'NIS015', 'Siswa A15', 101, 'Alamat A15', '2008-01-15'),
(16, 'NIS016', 'Siswa A16', 101, 'Alamat A16', '2008-01-16'),
(17, 'NIS017', 'Siswa A17', 101, 'Alamat A17', '2008-01-17'),
(18, 'NIS018', 'Siswa A18', 101, 'Alamat A18', '2008-01-18'),
(19, 'NIS019', 'Siswa A19', 101, 'Alamat A19', '2008-01-19'),
(20, 'NIS020', 'Siswa A20', 101, 'Alamat A20', '2008-01-20'),
(21, 'NIS021', 'Siswa A21', 101, 'Alamat A21', '2008-01-21'),
(22, 'NIS022', 'Siswa A22', 101, 'Alamat A22', '2008-01-22'),
(23, 'NIS023', 'Siswa A23', 101, 'Alamat A23', '2008-01-23'),
(24, 'NIS024', 'Siswa A24', 101, 'Alamat A24', '2008-01-24'),
(25, 'NIS025', 'Siswa A25', 101, 'Alamat A25', '2008-01-25'),
(26, 'NIS026', 'Siswa A26', 101, 'Alamat A26', '2008-01-26'),
(27, 'NIS027', 'Siswa A27', 101, 'Alamat A27', '2008-01-27'),
(28, 'NIS028', 'Siswa A28', 101, 'Alamat A28', '2008-01-28'),
(29, 'NIS029', 'Siswa B1', 102, 'Alamat B1', '2008-02-01'),
(30, 'NIS030', 'Siswa B2', 102, 'Alamat B2', '2008-02-02'),
(31, 'NIS031', 'Siswa B3', 102, 'Alamat B3', '2008-02-03'),
(32, 'NIS032', 'Siswa B4', 102, 'Alamat B4', '2008-02-04'),
(33, 'NIS033', 'Siswa B5', 102, 'Alamat B5', '2008-02-05'),
(34, 'NIS034', 'Siswa B6', 102, 'Alamat B6', '2008-02-06'),
(35, 'NIS035', 'Siswa B7', 102, 'Alamat B7', '2008-02-07'),
(36, 'NIS036', 'Siswa B8', 102, 'Alamat B8', '2008-02-08'),
(37, 'NIS037', 'Siswa B9', 102, 'Alamat B9', '2008-02-09'),
(38, 'NIS038', 'Siswa B10', 102, 'Alamat B10', '2008-02-10'),
(39, 'NIS039', 'Siswa B11', 102, 'Alamat B11', '2008-02-11'),
(40, 'NIS040', 'Siswa B12', 102, 'Alamat B12', '2008-02-12'),
(41, 'NIS041', 'Siswa B13', 102, 'Alamat B13', '2008-02-13'),
(42, 'NIS042', 'Siswa B14', 102, 'Alamat B14', '2008-02-14'),
(43, 'NIS043', 'Siswa B15', 102, 'Alamat B15', '2008-02-15'),
(44, 'NIS044', 'Siswa B16', 102, 'Alamat B16', '2008-02-16'),
(45, 'NIS045', 'Siswa B17', 102, 'Alamat B17', '2008-02-17'),
(46, 'NIS046', 'Siswa B18', 102, 'Alamat B18', '2008-02-18'),
(47, 'NIS047', 'Siswa B19', 102, 'Alamat B19', '2008-02-19'),
(48, 'NIS048', 'Siswa B20', 102, 'Alamat B20', '2008-02-20'),
(49, 'NIS049', 'Siswa B21', 102, 'Alamat B21', '2008-02-21'),
(50, 'NIS050', 'Siswa B22', 102, 'Alamat B22', '2008-02-22'),
(51, 'NIS051', 'Siswa B23', 102, 'Alamat B23', '2008-02-23'),
(52, 'NIS052', 'Siswa B24', 102, 'Alamat B24', '2008-02-24'),
(53, 'NIS053', 'Siswa B25', 102, 'Alamat B25', '2008-02-25'),
(54, 'NIS054', 'Siswa B26', 102, 'Alamat B26', '2008-02-26'),
(55, 'NIS055', 'Siswa B27', 102, 'Alamat B27', '2008-02-27'),
(56, 'NIS056', 'Siswa C1', 103, 'Alamat C1', '2008-03-01'),
(57, 'NIS057', 'Siswa C2', 103, 'Alamat C2', '2008-03-02'),
(58, 'NIS058', 'Siswa C3', 103, 'Alamat C3', '2008-03-03'),
(59, 'NIS059', 'Siswa C4', 103, 'Alamat C4', '2008-03-04'),
(60, 'NIS060', 'Siswa C5', 103, 'Alamat C5', '2008-03-05'),
(61, 'NIS061', 'Siswa C6', 103, 'Alamat C6', '2008-03-06'),
(62, 'NIS062', 'Siswa C7', 103, 'Alamat C7', '2008-03-07'),
(63, 'NIS063', 'Siswa C8', 103, 'Alamat C8', '2008-03-08'),
(64, 'NIS064', 'Siswa C9', 103, 'Alamat C9', '2008-03-09'),
(65, 'NIS065', 'Siswa C10', 103, 'Alamat C10', '2008-03-10'),
(66, 'NIS066', 'Siswa C11', 103, 'Alamat C11', '2008-03-11'),
(67, 'NIS067', 'Siswa C12', 103, 'Alamat C12', '2008-03-12'),
(68, 'NIS068', 'Siswa C13', 103, 'Alamat C13', '2008-03-13'),
(69, 'NIS069', 'Siswa C14', 103, 'Alamat C14', '2008-03-14'),
(70, 'NIS070', 'Siswa C15', 103, 'Alamat C15', '2008-03-15'),
(71, 'NIS071', 'Siswa C16', 103, 'Alamat C16', '2008-03-16'),
(72, 'NIS072', 'Siswa C17', 103, 'Alamat C17', '2008-03-17'),
(73, 'NIS073', 'Siswa C18', 103, 'Alamat C18', '2008-03-18'),
(74, 'NIS074', 'Siswa C19', 103, 'Alamat C19', '2008-03-19'),
(75, 'NIS075', 'Siswa C20', 103, 'Alamat C20', '2008-03-20'),
(76, 'NIS076', 'Siswa C21', 103, 'Alamat C21', '2008-03-21'),
(77, 'NIS077', 'Siswa C22', 103, 'Alamat C22', '2008-03-22'),
(78, 'NIS078', 'Siswa C23', 103, 'Alamat C23', '2008-03-23'),
(79, 'NIS079', 'Siswa C24', 103, 'Alamat C24', '2008-03-24'),
(80, 'NIS080', 'Siswa C25', 103, 'Alamat C25', '2008-03-25'),
(81, 'NIS081', 'Siswa C26', 103, 'Alamat C26', '2008-03-26'),
(82, 'NIS082', 'Siswa D1', 104, 'Alamat D1', '2008-04-01'),
(83, 'NIS083', 'Siswa D2', 104, 'Alamat D2', '2008-04-02'),
(84, 'NIS084', 'Siswa D3', 104, 'Alamat D3', '2008-04-03'),
(85, 'NIS085', 'Siswa D4', 104, 'Alamat D4', '2008-04-04'),
(86, 'NIS086', 'Siswa D5', 104, 'Alamat D5', '2008-04-05'),
(87, 'NIS087', 'Siswa D6', 104, 'Alamat D6', '2008-04-06'),
(88, 'NIS088', 'Siswa D7', 104, 'Alamat D7', '2008-04-07'),
(89, 'NIS089', 'Siswa D8', 104, 'Alamat D8', '2008-04-08'),
(90, 'NIS090', 'Siswa D9', 104, 'Alamat D9', '2008-04-09'),
(91, 'NIS091', 'Siswa D10', 104, 'Alamat D10', '2008-04-10'),
(92, 'NIS092', 'Siswa D11', 104, 'Alamat D11', '2008-04-11'),
(93, 'NIS093', 'Siswa D12', 104, 'Alamat D12', '2008-04-12'),
(94, 'NIS094', 'Siswa D13', 104, 'Alamat D13', '2008-04-13'),
(95, 'NIS095', 'Siswa D14', 104, 'Alamat D14', '2008-04-14'),
(96, 'NIS096', 'Siswa D15', 104, 'Alamat D15', '2008-04-15'),
(97, 'NIS097', 'Siswa D16', 104, 'Alamat D16', '2008-04-16'),
(98, 'NIS098', 'Siswa D17', 104, 'Alamat D17', '2008-04-17'),
(99, 'NIS099', 'Siswa D18', 104, 'Alamat D18', '2008-04-18'),
(100, 'NIS100', 'Siswa D19', 104, 'Alamat D19', '2008-04-19'),
(101, 'NIS101', 'Siswa D20', 104, 'Alamat D20', '2008-04-20'),
(102, 'NIS102', 'Siswa D21', 104, 'Alamat D21', '2008-04-21'),
(103, 'NIS103', 'Siswa D22', 104, 'Alamat D22', '2008-04-22'),
(104, 'NIS104', 'Siswa D23', 104, 'Alamat D23', '2008-04-23'),
(105, 'NIS105', 'Siswa D24', 104, 'Alamat D24', '2008-04-24'),
(106, 'NIS106', 'Siswa D25', 104, 'Alamat D25', '2008-04-25'),
(107, 'NIS107', 'Siswa D26', 104, 'Alamat D26', '2008-04-26'),
(108, 'NIS108', 'Siswa E1', 105, 'Alamat E1', '2008-05-01'),
(109, 'NIS109', 'Siswa E2', 105, 'Alamat E2', '2008-05-02'),
(110, 'NIS110', 'Siswa E3', 105, 'Alamat E3', '2008-05-03'),
(111, 'NIS111', 'Siswa E4', 105, 'Alamat E4', '2008-05-04'),
(112, 'NIS112', 'Siswa E5', 105, 'Alamat E5', '2008-05-05'),
(113, 'NIS113', 'Siswa E6', 105, 'Alamat E6', '2008-05-06'),
(114, 'NIS114', 'Siswa E7', 105, 'Alamat E7', '2008-05-07'),
(115, 'NIS115', 'Siswa E8', 105, 'Alamat E8', '2008-05-08'),
(116, 'NIS116', 'Siswa E9', 105, 'Alamat E9', '2008-05-09'),
(117, 'NIS117', 'Siswa E10', 105, 'Alamat E10', '2008-05-10'),
(118, 'NIS118', 'Siswa E11', 105, 'Alamat E11', '2008-05-11'),
(119, 'NIS119', 'Siswa E12', 105, 'Alamat E12', '2008-05-12'),
(120, 'NIS120', 'Siswa E13', 105, 'Alamat E13', '2008-05-13'),
(121, 'NIS121', 'Siswa E14', 105, 'Alamat E14', '2008-05-14'),
(122, 'NIS122', 'Siswa E15', 105, 'Alamat E15', '2008-05-15'),
(123, 'NIS123', 'Siswa E16', 105, 'Alamat E16', '2008-05-16'),
(124, 'NIS124', 'Siswa E17', 105, 'Alamat E17', '2008-05-17'),
(125, 'NIS125', 'Siswa E18', 105, 'Alamat E18', '2008-05-18'),
(126, 'NIS126', 'Siswa E19', 105, 'Alamat E19', '2008-05-19'),
(127, 'NIS127', 'Siswa E20', 105, 'Alamat E20', '2008-05-20'),
(128, 'NIS128', 'Siswa E21', 105, 'Alamat E21', '2008-05-21'),
(129, 'NIS129', 'Siswa E22', 105, 'Alamat E22', '2008-05-22'),
(130, 'NIS130', 'Siswa E23', 105, 'Alamat E23', '2008-05-23'),
(131, 'NIS131', 'Siswa E24', 105, 'Alamat E24', '2008-05-24'),
(132, 'NIS132', 'Siswa E25', 105, 'Alamat E25', '2008-05-25'),
(133, 'NIS133', 'Siswa E26', 105, 'Alamat E26', '2008-05-26');

--
-- Indexes for dumped tables
--

--
-- Indeks untuk tabel `absensi`
--
ALTER TABLE `absensi`
  ADD PRIMARY KEY (`id_absensi`),
  ADD KEY `siswa_id` (`siswa_id`),
  ADD KEY `kelas_id` (`kelas_id`),
  ADD KEY `guru_id` (`guru_id`),
  ADD KEY `jadwal_id` (`jadwal_id`);

--
-- Indeks untuk tabel `admin`
--
ALTER TABLE `admin`
  ADD PRIMARY KEY (`id_admin`);

--
-- Indeks untuk tabel `guru`
--
ALTER TABLE `guru`
  ADD PRIMARY KEY (`id_guru`);

--
-- Indeks untuk tabel `jadwal`
--
ALTER TABLE `jadwal`
  ADD PRIMARY KEY (`id_jadwal`),
  ADD KEY `kelas_id` (`kelas_id`),
  ADD KEY `guru_id` (`guru_id`);

--
-- Indeks untuk tabel `kelas`
--
ALTER TABLE `kelas`
  ADD PRIMARY KEY (`id_kelas`),
  ADD KEY `guru_id` (`guru_id`);

--
-- Indeks untuk tabel `laporan_absensi`
--
ALTER TABLE `laporan_absensi`
  ADD PRIMARY KEY (`id_laporan`),
  ADD KEY `guru_id` (`guru_id`),
  ADD KEY `laporan_absensi_ibfk_1` (`absensi_id`);

--
-- Indeks untuk tabel `siswa`
--
ALTER TABLE `siswa`
  ADD PRIMARY KEY (`id_siswa`),
  ADD KEY `fk_kelas` (`kelas_id`);

--
-- AUTO_INCREMENT untuk tabel yang dibuang
--

--
-- AUTO_INCREMENT untuk tabel `absensi`
--
ALTER TABLE `absensi`
  MODIFY `id_absensi` int(11) NOT NULL AUTO_INCREMENT, AUTO_INCREMENT=444;

--
-- AUTO_INCREMENT untuk tabel `admin`
--
ALTER TABLE `admin`
  MODIFY `id_admin` int(11) NOT NULL AUTO_INCREMENT, AUTO_INCREMENT=3;

--
-- AUTO_INCREMENT untuk tabel `guru`
--
ALTER TABLE `guru`
  MODIFY `id_guru` int(11) NOT NULL AUTO_INCREMENT, AUTO_INCREMENT=34;

--
-- AUTO_INCREMENT untuk tabel `jadwal`
--
ALTER TABLE `jadwal`
  MODIFY `id_jadwal` int(11) NOT NULL AUTO_INCREMENT, AUTO_INCREMENT=73;

--
-- AUTO_INCREMENT untuk tabel `kelas`
--
ALTER TABLE `kelas`
  MODIFY `id_kelas` int(11) NOT NULL AUTO_INCREMENT, AUTO_INCREMENT=235;

--
-- AUTO_INCREMENT untuk tabel `laporan_absensi`
--
ALTER TABLE `laporan_absensi`
  MODIFY `id_laporan` int(11) NOT NULL AUTO_INCREMENT, AUTO_INCREMENT=37;

--
-- AUTO_INCREMENT untuk tabel `siswa`
--
ALTER TABLE `siswa`
  MODIFY `id_siswa` int(11) NOT NULL AUTO_INCREMENT, AUTO_INCREMENT=134;

--
-- Ketidakleluasaan untuk tabel pelimpahan (Dumped Tables)
--

--
-- Ketidakleluasaan untuk tabel `absensi`
--
ALTER TABLE `absensi`
  ADD CONSTRAINT `absensi_ibfk_1` FOREIGN KEY (`siswa_id`) REFERENCES `siswa` (`id_siswa`) ON DELETE CASCADE,
  ADD CONSTRAINT `absensi_ibfk_2` FOREIGN KEY (`kelas_id`) REFERENCES `kelas` (`id_kelas`) ON DELETE CASCADE,
  ADD CONSTRAINT `absensi_ibfk_3` FOREIGN KEY (`guru_id`) REFERENCES `guru` (`id_guru`) ON DELETE CASCADE,
  ADD CONSTRAINT `absensi_ibfk_4` FOREIGN KEY (`jadwal_id`) REFERENCES `jadwal` (`id_jadwal`) ON DELETE CASCADE;

--
-- Ketidakleluasaan untuk tabel `jadwal`
--
ALTER TABLE `jadwal`
  ADD CONSTRAINT `jadwal_ibfk_1` FOREIGN KEY (`kelas_id`) REFERENCES `kelas` (`id_kelas`) ON DELETE CASCADE,
  ADD CONSTRAINT `jadwal_ibfk_2` FOREIGN KEY (`guru_id`) REFERENCES `guru` (`id_guru`) ON DELETE CASCADE;

--
-- Ketidakleluasaan untuk tabel `laporan_absensi`
--
ALTER TABLE `laporan_absensi`
  ADD CONSTRAINT `laporan_absensi_ibfk_1` FOREIGN KEY (`absensi_id`) REFERENCES `absensi` (`id_absensi`),
  ADD CONSTRAINT `laporan_absensi_ibfk_2` FOREIGN KEY (`guru_id`) REFERENCES `guru` (`id_guru`) ON DELETE CASCADE;

--
-- Ketidakleluasaan untuk tabel `siswa`
--
ALTER TABLE `siswa`
  ADD CONSTRAINT `fk_kelas` FOREIGN KEY (`kelas_id`) REFERENCES `kelas` (`id_kelas`);
COMMIT;

/*!40101 SET CHARACTER_SET_CLIENT=@OLD_CHARACTER_SET_CLIENT */;
/*!40101 SET CHARACTER_SET_RESULTS=@OLD_CHARACTER_SET_RESULTS */;
/*!40101 SET COLLATION_CONNECTION=@OLD_COLLATION_CONNECTION */;
